Cliente,Idade,Plano,Tempo_Contrato_Meses,Mensalidade,Reclamacoes,Chamados_Suporte,Regiao,Churn,Faixa_Etaria,Faixa_Contrato
Cliente 0051,45,Básico,10,62.14,0,1,Sudeste,Não,36-45,0-12
Cliente 0426,23,Standard,53,113.94,1,1,Sul,Não,18-25,49+
Cliente 0205,52,Standard,58,105.78,3,1,Centro-Oeste,Sim,46-55,49+
Cliente 0086,22,Básico,55,81.88,1,0,Sudeste,Não,18-25,49+
Cliente 0797,34,Básico,46,84.88,4,0,Centro-Oeste,Sim,26-35,37-48
Cliente 0883,67,Premium,54,165.5,0,0,Sudeste,Não,56+,49+
Cliente 0492,49,Standard,14,117.64,0,1,Sudeste,Não,46-55,13-24
Cliente 0162,33,Básico,16,77.38,0,2,Sul,Não,26-35,13-24
Cliente 0309,65,Básico,54,67.27,0,1,Sudeste,Sim,56+,49+
Cliente 0675,64,Premium,51,154.32,4,1,Sul,Sim,56+,49+
Cliente 0644,37,Standard,47,120.0,1,2,Sul,Não,36-45,37-48
Cliente 0742,65,Premium,25,165.91,3,0,Sul,Sim,56+,25-36
Cliente 0875,21,Premium,5,173.6,0,12,Nordeste,Não,18-25,0-12
Cliente 0096,42,Premium,47,158.21,0,1,Nordeste,Sim,36-45,37-48
Cliente 0907,41,Standard,12,105.92,4,0,Sudeste,Não,36-45,0-12
Cliente 0717,46,Premium,45,169.61,0,2,Norte,Não,46-55,37-48
Cliente 0430,46,Standard,33,119.88,1,5,Sudeste,Não,46-55,25-36
Cliente 0211,56,Premium,23,162.44,1,1,Centro-Oeste,Não,56+,13-24
Cliente 0236,46,Básico,48,76.17,2,10,Sul,Sim,46-55,37-48
Cliente 0991,56,Standard,45,104.04,1,3,Sul,Não,56+,37-48
Cliente 0961,63,Básico,42,73.11,0,0,Centro-Oeste,Não,56+,37-48
Cliente 0044,50,Standard,28,109.67,0,0,Sul,Não,46-55,25-36
Cliente 0535,45,Standard,52,115.43,0,0,Sul,Não,36-45,49+
Cliente 0579,23,Premium,9,150.12,0,4,Nordeste,Sim,18-25,0-12
Cliente 0274,62,Standard,36,118.76,1,4,Sudeste,Não,56+,25-36
Cliente 0518,67,Básico,40,74.48,2,1,Sudeste,Não,56+,37-48
Cliente 0876,38,Básico,22,71.59,4,3,Norte,Sim,36-45,13-24
Cliente 0353,69,Premium,32,167.3,5,3,Nordeste,Não,56+,25-36
Cliente 0532,50,Nao informado,17,156.88,2,9,Centro-Oeste,Não,46-55,13-24
Cliente 0314,58,Básico,4,61.45,8,0,Sul,Sim,56+,0-12
Cliente 0388,28,Básico,49,63.81,2,0,Centro-Oeste,Sim,26-35,49+
Cliente 0132,30,Básico,26,80.05,2,2,Nordeste,Sim,26-35,25-36
Cliente 0271,51,Standard,51,107.74,2,2,Nordeste,Não,46-55,49+
Cliente 0008,49,Standard,11,108.27,1,6,Sudeste,Sim,46-55,0-12
Cliente 0506,64,Básico,21,75.89,0,2,Nordeste,Sim,56+,13-24
Cliente 0753,66,Standard,44,120.84,1,4,Sudeste,Não,56+,37-48
Cliente 0347,47,Básico,3,65.72,0,3,Centro-Oeste,Sim,46-55,0-12
Cliente 0622,64,Standard,55,117.15,0,5,Norte,Não,56+,49+
Cliente 0959,60,Básico,24,80.94,2,11,Nordeste,Sim,56+,13-24
Cliente 0201,25,Básico,32,68.83,7,2,Sudeste,Sim,18-25,25-36
Cliente 0848,53,Standard,33,103.0,5,3,Nordeste,Não,46-55,25-36
Cliente 1000,50,Standard,46,101.04,8,8,Sudeste,Sim,46-55,37-48
Cliente 0897,55,Básico,18,78.15,7,4,Nordeste,Sim,46-55,13-24
Cliente 0757,65,Standard,18,118.82,1,0,Sul,Não,56+,13-24
Cliente 0999,69,Básico,58,72.49,3,1,Norte,Não,56+,49+
Cliente 0697,40,Standard,30,101.06,1,7,Sul,Não,36-45,25-36
Cliente 0676,68,Standard,11,109.14,1,1,Nordeste,Não,56+,0-12
Cliente 0262,42,Standard,22,101.34,4,3,Sudeste,Não,36-45,13-24
Cliente 0790,61,Premium,26,155.81,1,4,Norte,Não,56+,25-36
Cliente 0165,35,Básico,16,62.03,2,5,Sul,Sim,26-35,13-24
Cliente 0927,50,Premium,30,164.67,0,6,Nordeste,Sim,46-55,25-36
Cliente 0345,35,Premium,4,159.08,1,2,Centro-Oeste,Não,26-35,0-12
Cliente 0745,26,Standard,22,119.43,1,8,Sul,Não,26-35,13-24
Cliente 0380,35,Standard,8,104.81,0,2,Sudeste,Não,26-35,0-12
Cliente 0686,60,Básico,44,78.9,1,3,Centro-Oeste,Sim,56+,37-48
Cliente 0352,41,Básico,14,82.59,1,0,Nordeste,Sim,36-45,13-24
Cliente 0197,34,Básico,45,68.27,2,3,Sudeste,Não,26-35,37-48
Cliente 0600,61,Premium,4,167.53,0,0,Sudeste,Não,56+,0-12
Cliente 0189,24,Básico,43,69.05,3,2,Centro-Oeste,Sim,18-25,37-48
Cliente 0880,68,Standard,51,107.71,1,1,Sudeste,Sim,56+,49+
Cliente 0135,57,Básico,4,77.71,0,2,Sul,Sim,56+,0-12
Cliente 0104,42,Standard,24,111.54,2,0,Nordeste,Não,36-45,13-24
Cliente 0940,33,Standard,5,116.78,2,0,Sul,Sim,26-35,0-12
Cliente 0638,24,Standard,25,121.7,2,3,Norte,Não,18-25,25-36
Cliente 0904,20,Standard,42,107.57,0,3,Nordeste,Não,18-25,37-48
Cliente 0547,40,Standard,11,123.48,3,0,Sul,Sim,36-45,0-12
Cliente 0173,65,Standard,57,114.26,0,1,Nordeste,Não,56+,49+
Cliente 0299,26,Básico,43,65.84,1,1,Sudeste,Sim,26-35,37-48
Cliente 0710,40,Standard,35,102.64,3,0,Nordeste,Não,36-45,25-36
Cliente 0240,61,Premium,53,152.34,2,1,Centro-Oeste,Não,56+,49+
Cliente 0253,18,Standard,39,112.75,1,12,Nordeste,Sim,18-25,37-48
Cliente 0457,42,Standard,26,118.87,0,1,Sudeste,Sim,36-45,25-36
Cliente 0934,28,Premium,46,162.41,7,3,Sudeste,Sim,26-35,37-48
Cliente 0971,65,Básico,35,82.69,2,0,Sudeste,Sim,56+,25-36
Cliente 0379,58,Básico,53,80.7,1,4,Sudeste,Não,56+,49+
Cliente 0321,24,Básico,29,79.11,5,3,Norte,Sim,18-25,25-36
Cliente 0828,20,Básico,48,74.5,8,1,Centro-Oeste,Sim,18-25,37-48
Cliente 0146,68,Standard,2,112.34,2,3,Sudeste,Sim,56+,0-12
Cliente 0771,37,Standard,27,102.49,1,5,Sudeste,Sim,36-45,25-36
Cliente 0400,65,Standard,21,123.9,1,0,Sul,Não,56+,13-24
Cliente 0389,34,Premium,30,163.57,2,2,Sudeste,Sim,26-35,25-36
Cliente 0319,50,Standard,58,102.01,8,1,Nordeste,Sim,46-55,49+
Cliente 0464,48,Básico,32,66.61,2,0,Sul,Sim,46-55,25-36
Cliente 0569,20,Standard,55,119.53,5,1,Sudeste,Não,18-25,49+
Cliente 0859,56,Básico,42,62.11,0,5,Sudeste,Não,56+,37-48
Cliente 0591,70,Premium,54,151.1,0,10,Sudeste,Sim,56+,49+
Cliente 0454,46,Básico,1,70.5,1,1,Sul,Não,46-55,0-12
Cliente 0588,31,Standard,11,115.21,2,0,Sudeste,Não,26-35,0-12
Cliente 0418,31,Básico,15,71.13,2,1,Sudeste,Sim,26-35,13-24
Cliente 0292,50,Standard,1,124.8,1,0,Nordeste,Não,46-55,0-12
Cliente 0772,41,Básico,44,72.3,1,3,Centro-Oeste,Não,36-45,37-48
Cliente 0865,52,Premium,38,154.75,2,3,Centro-Oeste,Não,46-55,37-48
Cliente 0250,54,Básico,26,61.66,0,4,Sudeste,Não,46-55,25-36
Cliente 0922,47,Standard,36,112.77,4,0,Sudeste,Não,46-55,25-36
Cliente 0542,36,Premium,39,174.45,0,0,Sul,Não,36-45,37-48
Cliente 0471,49,Básico,26,74.62,3,0,Sudeste,Sim,46-55,25-36
Cliente 0006,38,Básico,58,79.13,1,3,Sudeste,Não,36-45,49+
Cliente 0947,69,Standard,6,115.05,1,1,Sudeste,Sim,56+,0-12
Cliente 0651,63,Standard,47,114.34,4,1,Norte,Não,56+,37-48
Cliente 0811,45,Standard,40,109.04,0,0,Sudeste,Não,36-45,37-48
Cliente 0042,33,Standard,57,121.22,2,7,Centro-Oeste,Sim,26-35,49+
Cliente 0694,46,Básico,51,66.16,0,2,Nordeste,Não,46-55,49+
Cliente 0448,34,Básico,15,61.37,0,4,Centro-Oeste,Não,26-35,13-24
Cliente 0183,40,Básico,13,64.84,0,4,Sudeste,Não,36-45,13-24
Cliente 0483,22,Básico,47,83.71,0,1,Sudeste,Não,18-25,37-48
Cliente 0157,62,Premium,37,154.0,4,2,Centro-Oeste,Sim,56+,37-48
Cliente 0349,64,Premium,51,151.21,7,1,Sudeste,Sim,56+,49+
Cliente 0624,61,Standard,49,108.36,1,4,Sudeste,Não,56+,49+
Cliente 0354,45,Standard,4,117.34,3,0,Sudeste,Não,36-45,0-12
Cliente 0817,55,Nao informado,25,102.3,1,2,Norte,Não,46-55,25-36
Cliente 0867,32,Premium,3,172.73,0,1,Sudeste,Sim,26-35,0-12
Cliente 0115,53,Básico,16,84.03,2,11,Norte,Não,46-55,13-24
Cliente 0855,47,Premium,41,150.07,3,0,Nordeste,Sim,46-55,37-48
Cliente 0230,50,Básico,39,83.68,3,0,Nordeste,Não,46-55,37-48
Cliente 0336,28,Standard,25,101.31,0,3,Sudeste,Sim,26-35,25-36
Cliente 0036,28,Premium,23,160.52,2,1,Nordeste,Sim,26-35,13-24
Cliente 0851,56,Standard,43,108.38,4,2,Sudeste,Sim,56+,37-48
Cliente 0019,19,Básico,56,78.36,2,3,Sudeste,Sim,18-25,49+
Cliente 0997,58,Standard,24,100.12,1,1,Sudeste,Não,56+,13-24
Cliente 0836,39,Standard,2,115.37,0,0,Nordeste,Sim,36-45,0-12
Cliente 0049,27,Básico,28,83.32,2,0,Nordeste,Não,26-35,25-36
Cliente 0834,28,Básico,56,71.1,4,12,Sul,Não,26-35,49+
Cliente 0458,63,Básico,45,81.72,1,1,Sudeste,Não,56+,37-48
Cliente 0168,60,Standard,30,101.68,0,3,Sudeste,Não,56+,25-36
Cliente 0148,22,Standard,31,108.14,0,0,Sul,Não,18-25,25-36
Cliente 0942,34,Premium,5,166.85,0,1,Sudeste,Não,26-35,0-12
Cliente 0614,64,Standard,25,121.32,2,2,Sul,Não,56+,25-36
Cliente 0944,35,Básico,31,72.65,2,1,Nordeste,Não,26-35,25-36
Cliente 0261,45,Básico,26,74.75,1,4,Nordeste,Não,36-45,25-36
Cliente 0432,26,Básico,15,73.45,1,2,Nordeste,Não,26-35,13-24
Cliente 0103,67,Básico,59,72.91,5,1,Sudeste,Sim,56+,49+
Cliente 0053,68,Premium,58,169.09,4,5,Centro-Oeste,Sim,56+,49+
Cliente 0139,47,Standard,5,116.04,0,1,Norte,Não,46-55,0-12
Cliente 0005,20,Standard,22,112.94,1,4,Sudeste,Não,18-25,13-24
Cliente 0929,67,Standard,6,121.53,4,0,Sudeste,Sim,56+,0-12
Cliente 0463,21,Básico,53,82.48,3,5,Nordeste,Não,18-25,49+
Cliente 0695,18,Standard,9,114.36,7,5,Sul,Sim,18-25,0-12
Cliente 0486,57,Premium,49,157.4,2,4,Sudeste,Não,56+,49+
Cliente 0480,27,Premium,5,165.31,4,5,Centro-Oeste,Sim,26-35,0-12
Cliente 0227,58,Standard,23,106.26,1,6,Sudeste,Sim,56+,13-24
Cliente 0787,55,Básico,1,68.04,2,3,Sudeste,Sim,46-55,0-12
Cliente 0815,68,Premium,52,160.49,1,5,Sul,Não,56+,49+
Cliente 0500,53,Standard,54,115.27,0,3,Nordeste,Não,46-55,49+
Cliente 0268,46,Standard,21,122.41,2,0,Sul,Não,46-55,13-24
Cliente 0304,40,Standard,24,118.42,4,0,Sudeste,Não,36-45,13-24
Cliente 0938,51,Standard,31,122.01,0,1,Norte,Sim,46-55,25-36
Cliente 0267,32,Básico,27,61.76,4,1,Sudeste,Sim,26-35,25-36
Cliente 0058,19,Básico,2,79.01,5,3,Sudeste,Sim,18-25,0-12
Cliente 0568,31,Básico,14,67.08,8,8,Centro-Oeste,Sim,26-35,13-24
Cliente 0953,64,Standard,5,119.55,0,0,Sudeste,Sim,56+,0-12
Cliente 0337,25,Básico,15,65.89,1,0,Sul,Não,18-25,13-24
Cliente 0056,46,Premium,47,164.81,3,0,Sudeste,Sim,46-55,37-48
Cliente 0522,65,Premium,1,169.91,0,1,Sudeste,Sim,56+,0-12
Cliente 0029,29,Premium,25,159.11,5,0,Centro-Oeste,Não,26-35,25-36
Cliente 0928,19,Standard,51,109.96,0,3,Sudeste,Não,18-25,49+
Cliente 0862,18,Premium,5,170.07,2,3,Nordeste,Não,18-25,0-12
Cliente 0702,63,Standard,37,114.85,0,2,Centro-Oeste,Não,56+,37-48
Cliente 0247,60,Básico,24,72.46,0,2,Sul,Não,56+,13-24
Cliente 0804,30,Básico,58,72.86,0,0,Centro-Oeste,Sim,26-35,49+
Cliente 0172,32,Básico,3,69.01,4,0,Sul,Não,26-35,0-12
Cliente 0055,18,Premium,33,168.87,2,0,Sudeste,Não,18-25,25-36
Cliente 0118,47,Premium,8,167.31,1,1,Sul,Não,46-55,0-12
Cliente 0073,61,Básico,3,65.3,2,2,Sudeste,Não,56+,0-12
Cliente 0273,31,Premium,28,161.24,0,1,Sudeste,Não,26-35,25-36
Cliente 0905,65,Standard,49,120.78,0,1,Norte,Não,56+,49+
Cliente 0210,52,Premium,31,157.69,0,1,Sudeste,Não,46-55,25-36
Cliente 0888,63,Básico,19,65.0,0,9,Sul,Não,56+,13-24
Cliente 0032,50,Standard,60,106.78,6,0,Norte,Não,46-55,49+
Cliente 0499,64,Standard,22,108.95,1,2,Sudeste,Não,56+,13-24
Cliente 0373,45,Básico,44,66.06,0,0,Sudeste,Sim,36-45,37-48
Cliente 0037,51,Básico,48,83.07,4,1,Sul,Sim,46-55,37-48
Cliente 0163,35,Standard,36,114.69,2,3,Nordeste,Não,26-35,25-36
Cliente 0222,67,Básico,25,76.18,2,0,Sudeste,Não,56+,25-36
Cliente 0765,26,Premium,11,158.85,2,6,Sul,Não,26-35,0-12
Cliente 0329,20,Standard,20,116.99,0,3,Sudeste,Não,18-25,13-24
Cliente 0902,51,Standard,14,108.84,1,1,Sudeste,Não,46-55,13-24
Cliente 0823,21,Standard,17,116.99,2,9,Nordeste,Não,18-25,13-24
Cliente 0634,47,Premium,13,165.31,0,2,Sudeste,Não,46-55,13-24
Cliente 0598,37,Básico,32,68.37,0,5,Nordeste,Não,36-45,25-36
Cliente 0881,69,Básico,59,71.87,1,8,Sudeste,Sim,56+,49+
Cliente 0101,47,Premium,59,171.69,4,1,Sudeste,Não,46-55,49+
Cliente 0185,24,Nao informado,36,66.41,2,0,Sudeste,Sim,18-25,25-36
Cliente 0654,44,Standard,56,124.09,4,1,Sudeste,Não,36-45,49+
Cliente 0909,39,Standard,53,113.8,4,0,Sudeste,Sim,36-45,49+
Cliente 0204,20,Standard,1,112.63,1,0,Nordeste,Sim,18-25,0-12
Cliente 0730,35,Básico,54,75.27,0,0,Nordeste,Não,26-35,49+
Cliente 0699,23,Básico,45,80.23,0,7,Sudeste,Sim,18-25,37-48
Cliente 0994,57,Básico,36,83.85,0,3,Centro-Oeste,Não,56+,25-36
Cliente 0683,39,Standard,53,101.81,0,0,Norte,Não,36-45,49+
Cliente 0937,25,Básico,51,70.3,0,2,Sudeste,Não,18-25,49+
Cliente 0186,70,Premium,37,171.24,1,8,Sul,Não,56+,37-48
Cliente 0775,58,Standard,13,115.91,2,0,Sudeste,Não,56+,13-24
Cliente 0657,20,Standard,58,103.76,0,0,Nordeste,Não,18-25,49+
Cliente 0396,56,Standard,2,102.42,1,1,Sudeste,Não,56+,0-12
Cliente 0079,66,Básico,12,82.51,8,2,Nordeste,Sim,56+,0-12
Cliente 0698,25,Standard,36,105.06,0,4,Norte,Não,18-25,25-36
Cliente 0447,58,Standard,5,117.63,6,2,Sudeste,Sim,56+,0-12
Cliente 0339,56,Premium,39,161.16,0,0,Norte,Não,56+,37-48
Cliente 0196,56,Premium,3,152.8,2,6,Nordeste,Não,56+,0-12
Cliente 0080,26,Standard,46,102.39,6,7,Sudeste,Não,26-35,37-48
Cliente 0178,29,Básico,19,79.55,1,1,Nordeste,Não,26-35,13-24
Cliente 0374,23,Básico,55,76.51,1,1,Sudeste,Sim,18-25,49+
Cliente 0728,59,Standard,52,117.18,0,1,Sudeste,Não,56+,49+
Cliente 0737,40,Básico,41,60.98,4,6,Sudeste,Sim,36-45,37-48
Cliente 0317,70,Básico,26,76.24,0,3,Sul,Não,56+,25-36
Cliente 0525,70,Standard,46,120.78,1,12,Nordeste,Sim,56+,37-48
Cliente 0621,39,Básico,40,69.09,3,1,Sudeste,Sim,36-45,37-48
Cliente 0390,66,Premium,22,171.81,4,3,Sudeste,Sim,56+,13-24
Cliente 0567,34,Standard,24,102.51,1,1,Sudeste,Não,26-35,13-24
Cliente 0715,31,Básico,15,65.4,3,0,Sul,Sim,26-35,13-24
Cliente 0270,35,Premium,45,153.5,0,0,Sudeste,Não,26-35,37-48
Cliente 0092,50,Básico,46,72.39,3,0,Nordeste,Não,46-55,37-48
Cliente 0171,36,Básico,50,83.76,0,6,Sul,Não,36-45,49+
Cliente 0700,40,Standard,52,101.61,5,1,Sudeste,Não,36-45,49+
Cliente 0091,61,Básico,14,79.78,0,0,Sudeste,Não,56+,13-24
Cliente 0076,60,Standard,30,122.66,0,4,Sudeste,Sim,56+,25-36
Cliente 0328,28,Premium,33,163.77,0,5,Sudeste,Não,26-35,25-36
Cliente 0975,61,Básico,60,83.36,5,1,Centro-Oeste,Não,56+,49+
Cliente 0873,34,Básico,15,76.7,3,4,Nordeste,Sim,26-35,13-24
Cliente 0899,32,Premium,37,157.35,2,2,Sul,Sim,26-35,37-48
Cliente 0546,63,Standard,37,114.7,0,0,Sudeste,Não,56+,37-48
Cliente 0368,39,Básico,30,73.65,2,0,Sudeste,Sim,36-45,25-36
Cliente 0098,48,Básico,35,78.75,0,1,Nordeste,Não,46-55,25-36
Cliente 0903,29,Básico,41,66.16,3,2,Centro-Oeste,Não,26-35,37-48
Cliente 0311,61,Premium,18,160.4,2,0,Sudeste,Não,56+,13-24
Cliente 0887,29,Básico,40,65.42,2,2,Sudeste,Sim,26-35,37-48
Cliente 0792,55,Básico,7,66.24,2,12,Sul,Sim,46-55,0-12
Cliente 0276,22,Básico,31,81.53,2,3,Sudeste,Não,18-25,25-36
Cliente 0714,70,Básico,26,81.72,1,0,Sudeste,Não,56+,25-36
Cliente 0799,66,Standard,14,120.1,2,0,Sul,Não,56+,13-24
Cliente 0852,64,Básico,3,74.16,0,4,Centro-Oeste,Sim,56+,0-12
Cliente 0582,61,Básico,22,84.58,8,1,Sul,Sim,56+,13-24
Cliente 0923,36,Básico,5,66.16,2,0,Nordeste,Sim,36-45,0-12
Cliente 0280,31,Standard,52,105.07,2,2,Sul,Não,26-35,49+
Cliente 0633,41,Standard,31,123.54,0,9,Sudeste,Não,36-45,25-36
Cliente 0327,31,Básico,20,73.46,1,6,Centro-Oeste,Não,26-35,13-24
Cliente 0014,42,Básico,45,75.78,0,1,Sul,Sim,36-45,37-48
Cliente 0796,29,Standard,4,107.09,7,8,Sudeste,Não,26-35,0-12
Cliente 0377,29,Básico,12,73.86,2,1,Sudeste,Sim,26-35,0-12
Cliente 0438,46,Standard,9,109.83,3,0,Norte,Sim,46-55,0-12
Cliente 0075,53,Básico,55,83.03,4,2,Nordeste,Não,46-55,49+
Cliente 0385,19,Básico,22,66.46,2,8,Sudeste,Sim,18-25,13-24
Cliente 0281,64,Standard,53,123.04,2,4,Sul,Não,56+,49+
Cliente 0773,63,Básico,33,72.41,0,9,Centro-Oeste,Não,56+,25-36
Cliente 0237,66,Básico,57,76.35,2,4,Sudeste,Não,56+,49+
Cliente 0060,34,Básico,17,70.17,2,2,Sudeste,Sim,26-35,13-24
Cliente 0726,38,Básico,38,80.31,2,2,Sudeste,Não,36-45,37-48
Cliente 0512,40,Premium,47,156.92,2,2,Sudeste,Não,36-45,37-48
Cliente 0398,61,Standard,27,101.5,0,2,Sudeste,Não,56+,25-36
Cliente 0152,34,Básico,24,84.17,0,2,Centro-Oeste,Não,26-35,13-24
Cliente 0814,44,Básico,35,78.04,0,2,Centro-Oeste,Sim,36-45,25-36
Cliente 0599,45,Standard,24,115.03,5,1,Centro-Oeste,Não,36-45,13-24
Cliente 0012,18,Básico,13,60.43,3,3,Sul,Não,18-25,13-24
Cliente 0755,33,Básico,6,77.73,3,1,Sudeste,Sim,26-35,0-12
Cliente 0318,56,Standard,29,102.85,4,4,Sudeste,Sim,56+,25-36
Cliente 0228,67,Premium,44,150.34,3,1,Nordeste,Sim,56+,37-48
Cliente 0793,24,Premium,39,164.02,1,0,Norte,Sim,18-25,37-48
Cliente 0809,62,Básico,48,78.04,0,0,Sudeste,Não,56+,37-48
Cliente 0810,51,Básico,2,80.63,1,2,Sudeste,Não,46-55,0-12
Cliente 0484,31,Básico,23,79.7,2,3,Sudeste,Não,26-35,13-24
Cliente 0470,40,Standard,44,105.8,1,9,Sudeste,Não,36-45,37-48
Cliente 0722,66,Standard,20,111.48,0,1,Sudeste,Sim,56+,13-24
Cliente 0924,20,Standard,24,102.06,2,1,Sudeste,Não,18-25,13-24
Cliente 0445,20,Premium,35,161.76,1,0,Sudeste,Não,18-25,25-36
Cliente 0832,32,Standard,15,113.69,0,5,Nordeste,Não,26-35,13-24
Cliente 0821,62,Premium,23,164.09,2,12,Centro-Oeste,Sim,56+,13-24
Cliente 0295,54,Standard,50,107.02,1,0,Sudeste,Sim,46-55,49+
Cliente 0286,51,Básico,13,64.55,0,0,Nordeste,Não,46-55,13-24
Cliente 0275,66,Básico,16,66.67,6,7,Sul,Sim,56+,13-24
Cliente 0978,23,Básico,27,77.98,0,3,Sul,Não,18-25,25-36
Cliente 0581,26,Básico,2,60.77,0,2,Sul,Não,26-35,0-12
Cliente 0618,19,Básico,56,82.42,3,1,Nordeste,Não,18-25,49+
Cliente 0370,65,Básico,5,74.8,3,2,Centro-Oeste,Não,56+,0-12
Cliente 0108,20,Básico,6,64.27,1,0,Sul,Sim,18-25,0-12
Cliente 0528,45,Básico,23,63.98,1,1,Sudeste,Não,36-45,13-24
Cliente 0805,26,Standard,18,116.48,2,1,Norte,Não,26-35,13-24
Cliente 0671,19,Básico,55,71.55,3,1,Sudeste,Sim,18-25,49+
Cliente 0344,57,Premium,39,164.02,1,0,Sudeste,Não,56+,37-48
Cliente 0898,38,Premium,41,168.34,2,4,Sudeste,Não,36-45,37-48
Cliente 0829,64,Básico,24,72.21,2,4,Sudeste,Não,56+,13-24
Cliente 0300,29,Básico,14,63.69,0,1,Sul,Não,26-35,13-24
Cliente 0870,24,Básico,38,65.2,6,8,Sul,Sim,18-25,37-48
Cliente 0860,65,Standard,40,116.56,2,2,Centro-Oeste,Não,56+,37-48
Cliente 0677,37,Básico,53,66.64,1,0,Sudeste,Não,36-45,49+
Cliente 0798,54,Premium,15,173.89,1,0,Centro-Oeste,Não,46-55,13-24
Cliente 0963,24,Standard,58,113.32,0,1,Norte,Não,18-25,49+
Cliente 0315,40,Básico,24,66.59,3,2,Norte,Sim,36-45,13-24
Cliente 0364,19,Premium,35,165.78,3,12,Sudeste,Sim,18-25,25-36
Cliente 0642,35,Standard,49,119.74,0,0,Sul,Não,26-35,49+
Cliente 0238,68,Básico,46,75.23,4,6,Sudeste,Sim,56+,37-48
Cliente 0777,22,Básico,46,75.09,1,0,Norte,Sim,18-25,37-48
Cliente 0554,57,Premium,21,167.17,1,2,Centro-Oeste,Não,56+,13-24
Cliente 0949,60,Premium,43,150.76,0,1,Sudeste,Não,56+,37-48
Cliente 0920,18,Standard,3,119.85,1,0,Sudeste,Não,18-25,0-12
Cliente 0893,44,Standard,44,114.27,3,1,Sudeste,Sim,36-45,37-48
Cliente 0877,34,Standard,42,117.19,8,0,Sudeste,Sim,26-35,37-48
Cliente 0729,63,Premium,29,171.05,4,3,Sudeste,Sim,56+,25-36
Cliente 0241,23,Básico,50,74.25,0,10,Nordeste,Sim,18-25,49+
Cliente 0562,62,Standard,32,111.85,1,0,Nordeste,Não,56+,25-36
Cliente 0604,30,Standard,6,124.75,5,0,Nordeste,Não,26-35,0-12
Cliente 0422,45,Básico,12,65.62,2,4,Nordeste,Não,36-45,0-12
Cliente 0592,45,Básico,21,83.14,0,0,Sul,Não,36-45,13-24
Cliente 0179,68,Premium,35,161.4,0,0,Nordeste,Não,56+,25-36
Cliente 0841,51,Básico,57,80.38,8,7,Sul,Não,46-55,49+
Cliente 0244,28,Standard,37,104.99,0,0,Centro-Oeste,Sim,26-35,37-48
Cliente 0878,44,Standard,56,116.18,3,0,Sudeste,Não,36-45,49+
Cliente 0203,46,Premium,12,162.78,4,0,Nordeste,Sim,46-55,0-12
Cliente 0301,44,Básico,32,64.74,1,3,Sul,Sim,36-45,25-36
Cliente 0808,65,Básico,55,65.82,0,2,Sudeste,Sim,56+,49+
Cliente 0231,32,Standard,32,104.54,0,0,Sudeste,Não,26-35,25-36
Cliente 0307,20,Básico,50,83.81,4,0,Sudeste,Não,18-25,49+
Cliente 0167,51,Básico,28,79.21,2,0,Sul,Sim,46-55,25-36
Cliente 0641,33,Standard,27,101.88,0,3,Nordeste,Não,26-35,25-36
Cliente 0685,43,Standard,26,114.26,0,4,Sul,Não,36-45,25-36
Cliente 0264,33,Básico,22,74.67,1,0,Centro-Oeste,Não,26-35,13-24
Cliente 0679,62,Premium,45,162.65,4,0,Nordeste,Não,56+,37-48
Cliente 0233,21,Standard,41,121.92,5,2,Sul,Sim,18-25,37-48
Cliente 0151,33,Básico,56,84.16,3,1,Centro-Oeste,Sim,26-35,49+
Cliente 0479,50,Premium,11,156.95,3,7,Centro-Oeste,Sim,46-55,0-12
Cliente 0133,60,Standard,57,104.75,4,0,Sudeste,Sim,56+,49+
Cliente 0010,43,Standard,47,120.5,0,0,Sudeste,Não,36-45,37-48
Cliente 0255,27,Standard,33,101.26,3,3,Sudeste,Não,26-35,25-36
Cliente 0955,51,Premium,8,166.62,3,1,Centro-Oeste,Sim,46-55,0-12
Cliente 0427,70,Básico,45,79.81,0,2,Nordeste,Não,56+,37-48
Cliente 0587,62,Premium,33,163.77,0,1,Sudeste,Não,56+,25-36
Cliente 0083,51,Standard,10,109.13,0,0,Sudeste,Não,46-55,0-12
Cliente 0065,28,Standard,25,120.6,0,0,Sudeste,Não,26-35,25-36
Cliente 0617,24,Básico,4,83.22,2,11,Nordeste,Sim,18-25,0-12
Cliente 0375,70,Básico,34,69.36,8,4,Centro-Oeste,Sim,56+,25-36
Cliente 0376,60,Standard,51,116.95,1,0,Norte,Não,56+,49+
Cliente 0601,61,Standard,20,100.26,0,5,Sul,Não,56+,13-24
Cliente 0459,30,Básico,54,65.79,0,0,Sul,Não,26-35,49+
Cliente 0120,41,Premium,29,159.58,0,0,Sudeste,Não,36-45,25-36
Cliente 0416,51,Premium,54,153.23,1,0,Sul,Não,46-55,49+
Cliente 0549,56,Básico,26,80.34,2,1,Sul,Não,56+,25-36
Cliente 0670,27,Standard,19,109.15,7,4,Sul,Sim,26-35,13-24
Cliente 0524,44,Standard,42,111.78,2,4,Nordeste,Não,36-45,37-48
Cliente 0111,28,Premium,10,154.71,0,3,Sudeste,Sim,26-35,0-12
Cliente 0723,61,Standard,59,120.19,2,1,Sudeste,Sim,56+,49+
Cliente 0691,37,Standard,11,114.21,1,0,Nordeste,Sim,36-45,0-12
Cliente 0758,39,Básico,4,73.94,0,4,Norte,Sim,36-45,0-12
Cliente 0346,38,Básico,38,60.27,4,1,Sul,Sim,36-45,37-48
Cliente 0122,34,Premium,24,170.8,7,1,Sudeste,Não,26-35,13-24
Cliente 0665,54,Básico,22,67.23,6,2,Sudeste,Sim,46-55,13-24
Cliente 0526,52,Básico,14,63.24,0,0,Sudeste,Não,46-55,13-24
Cliente 0501,32,Standard,1,118.55,2,2,Sul,Sim,26-35,0-12
Cliente 0972,65,Standard,17,123.33,4,3,Nordeste,Não,56+,13-24
Cliente 0939,70,Básico,18,62.1,1,8,Norte,Não,56+,13-24
Cliente 0449,68,Standard,3,105.2,0,0,Sudeste,Não,56+,0-12
Cliente 0864,65,Premium,19,168.65,3,1,Sudeste,Não,56+,13-24
Cliente 0779,34,Standard,53,114.66,1,5,Sudeste,Não,26-35,49+
Cliente 0041,31,Básico,60,60.55,1,1,Norte,Não,26-35,49+
Cliente 0716,38,Básico,58,75.9,0,1,Norte,Não,36-45,49+
Cliente 0218,26,Básico,58,66.9,5,3,Nordeste,Não,26-35,49+
Cliente 0308,23,Premium,9,162.88,0,6,Norte,Sim,18-25,0-12
Cliente 0529,41,Standard,19,108.86,1,2,Sul,Sim,36-45,13-24
Cliente 0826,33,Básico,9,76.11,3,0,Sudeste,Sim,26-35,0-12
Cliente 0158,46,Básico,6,66.76,1,0,Sudeste,Não,46-55,0-12
Cliente 0251,65,Standard,15,110.57,3,3,Sudeste,Sim,56+,13-24
Cliente 0125,21,Básico,17,63.23,0,1,Sudeste,Não,18-25,13-24
Cliente 0724,57,Standard,42,106.98,8,2,Norte,Não,56+,37-48
Cliente 0330,70,Básico,45,60.39,0,0,Sudeste,Não,56+,37-48
Cliente 0350,24,Básico,44,66.93,2,0,Norte,Não,18-25,37-48
Cliente 0908,38,Standard,45,105.46,4,2,Centro-Oeste,Não,36-45,37-48
Cliente 0369,31,Básico,49,71.5,2,8,Nordeste,Não,26-35,49+
Cliente 0170,66,Básico,19,72.49,0,3,Sudeste,Sim,56+,13-24
Cliente 0382,30,Standard,28,121.87,3,0,Sudeste,Não,26-35,25-36
Cliente 0407,69,Standard,28,101.07,1,1,Norte,Não,56+,25-36
Cliente 0530,69,Básico,6,82.95,6,0,Norte,Sim,56+,0-12
Cliente 0035,55,Premium,1,157.92,1,3,Norte,Sim,46-55,0-12
Cliente 0655,26,Standard,46,109.02,1,1,Sul,Não,26-35,37-48
Cliente 0310,27,Básico,40,74.11,0,3,Centro-Oeste,Sim,26-35,37-48
Cliente 0933,56,Básico,47,67.21,0,2,Nordeste,Não,56+,37-48
Cliente 0164,26,Standard,28,103.37,2,1,Sul,Não,26-35,25-36
Cliente 0371,64,Básico,25,78.46,0,0,Sul,Não,56+,25-36
Cliente 0160,56,Standard,35,118.41,5,6,Sudeste,Não,56+,25-36
Cliente 0288,57,Premium,5,171.87,6,2,Norte,Sim,56+,0-12
Cliente 0184,51,Premium,13,154.24,1,4,Sudeste,Sim,46-55,13-24
Cliente 0611,68,Básico,59,78.8,0,5,Nordeste,Não,56+,49+
Cliente 0692,31,Básico,37,65.97,0,11,Centro-Oeste,Não,26-35,37-48
Cliente 0835,28,Standard,17,106.37,0,1,Sudeste,Não,26-35,13-24
Cliente 0022,34,Básico,33,61.91,0,0,Sul,Não,26-35,25-36
Cliente 0803,70,Básico,29,80.98,1,6,Nordeste,Não,56+,25-36
Cliente 0725,69,Básico,28,80.04,2,2,Centro-Oeste,Não,56+,25-36
Cliente 0284,58,Básico,11,79.63,0,11,Norte,Não,56+,0-12
Cliente 0784,40,Premium,36,173.79,1,1,Centro-Oeste,Sim,36-45,25-36
Cliente 0976,69,Básico,57,80.53,0,0,Sul,Não,56+,49+
Cliente 0727,29,Básico,45,60.44,2,3,Sudeste,Não,26-35,37-48
Cliente 0736,43,Standard,23,114.07,1,1,Sudeste,Não,36-45,13-24
Cliente 0161,54,Premium,11,154.86,0,2,Centro-Oeste,Sim,46-55,0-12
Cliente 0645,62,Básico,19,63.73,0,2,Centro-Oeste,Não,56+,13-24
Cliente 0121,46,Standard,53,119.35,1,3,Sudeste,Não,46-55,49+
Cliente 0397,70,Básico,45,77.68,2,2,Sudeste,Não,56+,37-48
Cliente 0128,59,Básico,6,82.61,0,1,Sul,Não,56+,0-12
Cliente 0770,26,Premium,41,150.13,2,1,Nordeste,Não,26-35,37-48
Cliente 0759,60,Básico,44,77.9,0,2,Sudeste,Sim,56+,37-48
Cliente 0081,68,Standard,22,107.78,2,5,Sudeste,Não,56+,13-24
Cliente 0393,21,Básico,49,62.84,5,0,Sudeste,Não,18-25,49+
Cliente 0780,38,Básico,48,74.32,1,2,Norte,Não,36-45,37-48
Cliente 0523,62,Básico,18,76.83,1,1,Sudeste,Não,56+,13-24
Cliente 0450,57,Premium,56,154.34,2,0,Sudeste,Sim,56+,49+
Cliente 0985,29,Nao informado,52,109.37,0,0,Sudeste,Sim,26-35,49+
Cliente 0149,55,Premium,40,155.85,1,1,Sudeste,Não,46-55,37-48
Cliente 0193,57,Básico,13,82.26,0,2,Sul,Sim,56+,13-24
Cliente 0023,30,Básico,15,62.03,0,1,Sudeste,Não,26-35,13-24
Cliente 0182,66,Premium,31,161.25,0,1,Sudeste,Não,56+,25-36
Cliente 0572,19,Premium,39,171.39,0,11,Norte,Não,18-25,37-48
Cliente 0176,50,Básico,45,70.44,1,0,Sudeste,Não,46-55,37-48
Cliente 0739,47,Standard,7,111.61,2,5,Sul,Sim,46-55,0-12
Cliente 0123,18,Standard,15,124.49,0,2,Nordeste,Não,18-25,13-24
Cliente 0952,69,Standard,29,111.72,1,0,Sudeste,Não,56+,25-36
Cliente 0956,20,Premium,41,172.5,0,4,Sudeste,Sim,18-25,37-48
Cliente 0988,61,Básico,45,79.03,2,5,Sudeste,Não,56+,37-48
Cliente 0548,60,Básico,31,61.08,6,1,Sul,Não,56+,25-36
Cliente 0417,28,Básico,41,73.61,2,5,Sul,Não,26-35,37-48
Cliente 0869,20,Standard,35,116.43,4,1,Sudeste,Sim,18-25,25-36
Cliente 0213,49,Premium,60,151.8,0,0,Sudeste,Não,46-55,49+
Cliente 0067,39,Premium,43,153.53,0,9,Sudeste,Não,36-45,37-48
Cliente 0586,42,Básico,29,62.85,1,3,Sudeste,Não,36-45,25-36
Cliente 0285,24,Premium,59,155.02,4,0,Sudeste,Não,18-25,49+
Cliente 0191,40,Standard,17,122.57,1,0,Sul,Não,36-45,13-24
Cliente 0085,49,Standard,1,112.63,0,12,Sudeste,Sim,46-55,0-12
Cliente 0243,21,Premium,48,172.3,1,0,Sudeste,Não,18-25,37-48
Cliente 0658,26,Básico,52,80.32,0,2,Nordeste,Não,26-35,49+
Cliente 0913,54,Básico,43,83.66,2,4,Centro-Oeste,Sim,46-55,37-48
Cliente 0156,65,Básico,36,78.03,0,1,Sul,Sim,56+,25-36
Cliente 0332,19,Nao informado,2,170.39,1,3,Sudeste,Sim,18-25,0-12
Cliente 0889,53,Básico,42,62.84,3,1,Nordeste,Não,46-55,37-48
Cliente 0357,35,Standard,24,104.2,0,0,Centro-Oeste,Não,26-35,13-24
Cliente 0846,68,Premium,15,170.12,0,1,Sudeste,Não,56+,13-24
Cliente 0519,58,Premium,13,165.74,7,2,Sudeste,Sim,56+,13-24
Cliente 0102,32,Standard,11,117.3,3,1,Sudeste,Não,26-35,0-12
Cliente 0229,70,Básico,15,77.79,0,4,Sudeste,Não,56+,13-24
Cliente 0283,32,Básico,18,71.01,3,0,Sudeste,Não,26-35,13-24
Cliente 0513,51,Básico,14,64.18,1,3,Nordeste,Sim,46-55,13-24
Cliente 0891,53,Premium,26,159.95,0,11,Sudeste,Não,46-55,25-36
Cliente 0993,59,Básico,6,72.03,1,5,Nordeste,Não,56+,0-12
Cliente 0277,60,Standard,48,103.93,4,0,Nordeste,Não,56+,37-48
Cliente 0647,59,Premium,36,174.46,2,4,Sudeste,Sim,56+,25-36
Cliente 0095,64,Básico,29,77.77,1,0,Centro-Oeste,Não,56+,25-36
Cliente 0431,45,Premium,34,157.99,1,2,Sudeste,Não,36-45,25-36
Cliente 0608,36,Standard,55,118.92,0,1,Sul,Não,36-45,49+
Cliente 0279,18,Premium,51,155.39,5,0,Norte,Sim,18-25,49+
Cliente 0578,59,Standard,41,100.02,3,3,Sul,Não,56+,37-48
Cliente 0557,70,Básico,52,64.55,8,1,Sudeste,Sim,56+,49+
Cliente 0246,33,Básico,41,83.25,2,1,Sul,Sim,26-35,37-48
Cliente 0333,45,Standard,13,117.6,4,0,Nordeste,Sim,36-45,13-24
Cliente 0965,43,Standard,11,114.57,0,0,Sul,Não,36-45,0-12
Cliente 0713,38,Básico,55,81.13,8,0,Centro-Oeste,Sim,36-45,49+
Cliente 0462,52,Básico,5,83.05,0,0,Sudeste,Sim,46-55,0-12
Cliente 0954,38,Standard,9,105.64,1,1,Centro-Oeste,Não,36-45,0-12
Cliente 0290,28,Premium,57,161.11,1,2,Nordeste,Não,26-35,49+
Cliente 0627,65,Standard,33,107.87,0,5,Sul,Não,56+,25-36
Cliente 0143,21,Premium,22,158.34,2,1,Sul,Sim,18-25,13-24
Cliente 0919,70,Básico,23,66.41,3,0,Nordeste,Não,56+,13-24
Cliente 0684,65,Standard,14,109.85,5,0,Sudeste,Não,56+,13-24
Cliente 0477,68,Básico,45,62.59,4,0,Sudeste,Sim,56+,37-48
Cliente 0690,40,Premium,33,168.84,0,3,Sudeste,Não,36-45,25-36
Cliente 0293,25,Standard,51,123.24,1,0,Norte,Não,18-25,49+
Cliente 0453,70,Premium,46,154.32,2,0,Nordeste,Sim,56+,37-48
Cliente 0046,57,Básico,34,68.73,1,1,Norte,Não,56+,25-36
Cliente 0533,63,Básico,20,78.75,4,4,Nordeste,Não,56+,13-24
Cliente 0493,47,Básico,30,66.23,7,3,Nordeste,Sim,46-55,25-36
Cliente 0704,67,Básico,56,81.85,4,4,Sul,Sim,56+,49+
Cliente 0663,26,Básico,51,63.58,8,1,Sul,Não,26-35,49+
Cliente 0845,62,Standard,39,113.28,5,4,Sudeste,Sim,56+,37-48
Cliente 0566,68,Básico,40,83.38,0,0,Sudeste,Não,56+,37-48
Cliente 0856,47,Standard,43,104.36,1,3,Sudeste,Não,46-55,37-48
Cliente 0701,59,Standard,34,103.31,0,12,Sudeste,Sim,56+,25-36
Cliente 0027,47,Básico,43,81.3,0,0,Sudeste,Não,46-55,37-48
Cliente 0363,48,Premium,1,163.43,1,6,Sudeste,Sim,46-55,0-12
Cliente 0269,40,Básico,46,59.92,0,0,Nordeste,Sim,36-45,37-48
Cliente 0064,31,Básico,1,80.09,0,5,Nordeste,Sim,26-35,0-12
Cliente 0748,25,Básico,26,62.18,1,1,Sul,Não,18-25,25-36
Cliente 0559,67,Básico,42,73.95,2,0,Sudeste,Não,56+,37-48
Cliente 0979,37,Básico,48,62.2,0,6,Sudeste,Não,36-45,37-48
Cliente 0034,32,Standard,3,111.49,5,6,Sudeste,Sim,26-35,0-12
Cliente 0688,38,Básico,3,76.09,2,0,Sul,Não,36-45,0-12
Cliente 0842,30,Básico,34,67.68,6,1,Centro-Oeste,Sim,26-35,25-36
Cliente 0776,47,Básico,30,64.28,4,0,Sul,Sim,46-55,25-36
Cliente 0119,40,Premium,45,156.26,1,0,Norte,Não,36-45,37-48
Cliente 0016,61,Básico,43,65.77,0,6,Norte,Não,56+,37-48
Cliente 0544,32,Standard,21,116.6,2,1,Nordeste,Não,26-35,13-24
Cliente 0043,59,Premium,14,162.79,3,4,Sudeste,Não,56+,13-24
Cliente 0660,59,Premium,60,167.79,0,0,Sudeste,Não,56+,49+
Cliente 0585,26,Standard,59,112.84,0,3,Centro-Oeste,Não,26-35,49+
Cliente 0428,23,Básico,25,75.03,2,0,Sudeste,Sim,18-25,25-36
Cliente 0175,21,Premium,16,161.52,1,4,Sul,Não,18-25,13-24
Cliente 0819,29,Básico,24,60.53,4,2,Sudeste,Sim,26-35,13-24
Cliente 0649,62,Básico,35,83.54,1,3,Sul,Sim,56+,25-36
Cliente 0936,31,Standard,57,104.68,5,1,Sul,Sim,26-35,49+
Cliente 0595,18,Básico,32,79.55,3,2,Sudeste,Não,18-25,25-36
Cliente 0456,37,Nao informado,45,63.95,0,5,Sudeste,Sim,36-45,37-48
Cliente 0740,43,Standard,43,102.37,0,6,Sul,Não,36-45,37-48
Cliente 0094,25,Básico,13,61.96,0,4,Sudeste,Não,18-25,13-24
Cliente 0543,22,Básico,16,70.2,0,2,Sul,Não,18-25,13-24
Cliente 0789,60,Premium,30,167.93,4,1,Sul,Não,56+,25-36
Cliente 0312,27,Standard,51,112.73,2,0,Sul,Não,26-35,49+
Cliente 0488,35,Standard,39,104.3,8,0,Sudeste,Não,26-35,37-48
Cliente 0966,69,Básico,18,64.66,0,3,Sudeste,Sim,56+,13-24
Cliente 0735,34,Básico,7,64.27,7,3,Sudeste,Sim,26-35,0-12
Cliente 0537,32,Standard,42,100.35,2,2,Centro-Oeste,Não,26-35,37-48
Cliente 0154,41,Premium,59,161.55,2,2,Sudeste,Sim,36-45,49+
Cliente 0117,37,Básico,29,72.655,0,1,Sudeste,Não,36-45,25-36
Cliente 0673,68,Premium,7,162.83,1,7,Sudeste,Sim,56+,0-12
Cliente 0409,66,Premium,58,156.98,0,0,Sul,Sim,56+,49+
Cliente 0469,41,Básico,16,82.58,2,3,Nordeste,Não,36-45,13-24
Cliente 0995,41,Básico,25,83.16,3,0,Sul,Não,36-45,25-36
Cliente 0444,26,Standard,34,124.75,0,0,Sul,Não,26-35,25-36
Cliente 0720,45,Standard,36,105.74,3,2,Sudeste,Não,36-45,25-36
Cliente 0854,61,Standard,43,122.6,5,3,Nordeste,Não,56+,37-48
Cliente 0024,69,Premium,9,169.55,1,3,Sudeste,Sim,56+,0-12
Cliente 0031,38,Básico,29,66.55,1,2,Centro-Oeste,Não,36-45,25-36
Cliente 0731,26,Premium,53,151.25,3,1,Sudeste,Não,26-35,49+
Cliente 0001,21,Básico,50,70.08,0,6,Norte,Não,18-25,49+
Cliente 0436,54,Premium,6,168.08,4,7,Sudeste,Sim,46-55,0-12
Cliente 0794,58,Standard,1,103.34,1,6,Sul,Não,56+,0-12
Cliente 0561,42,Standard,35,110.37,4,0,Norte,Não,36-45,25-36
Cliente 0116,23,Básico,20,84.33,0,1,Sudeste,Não,18-25,13-24
Cliente 0509,22,Premium,20,171.98,3,2,Centro-Oeste,Não,18-25,13-24
Cliente 0033,64,Básico,35,60.97,8,0,Sul,Não,56+,25-36
Cliente 0706,48,Standard,31,109.87,0,4,Nordeste,Não,46-55,25-36
Cliente 0812,54,Standard,44,124.76,0,1,Centro-Oeste,Sim,46-55,37-48
Cliente 0039,22,Standard,26,110.06,3,0,Sudeste,Não,18-25,25-36
Cliente 0025,54,Premium,22,159.8,0,1,Nordeste,Não,46-55,13-24
Cliente 0850,41,Standard,41,108.14,0,0,Sudeste,Sim,36-45,37-48
Cliente 0200,42,Standard,35,121.6,7,6,Norte,Sim,36-45,25-36
Cliente 0206,33,Premium,8,170.23,2,0,Sudeste,Não,26-35,0-12
Cliente 0555,61,Premium,14,171.08,0,1,Sudeste,Não,56+,13-24
Cliente 0915,23,Standard,40,121.86,4,4,Centro-Oeste,Não,18-25,37-48
Cliente 0931,70,Básico,31,61.41,0,5,Sul,Não,56+,25-36
Cliente 0259,57,Básico,60,64.88,0,0,Nordeste,Não,56+,49+
Cliente 0786,54,Standard,38,102.25,3,1,Centro-Oeste,Não,46-55,37-48
Cliente 0265,46,Premium,22,161.73,1,2,Nordeste,Não,46-55,13-24
Cliente 0620,43,Standard,6,103.51,0,3,Sudeste,Sim,36-45,0-12
Cliente 0539,28,Premium,39,159.34,0,1,Sudeste,Não,26-35,37-48
Cliente 0296,26,Standard,35,109.83,7,5,Sul,Sim,26-35,25-36
Cliente 0615,63,Standard,54,123.81,4,8,Sul,Não,56+,49+
Cliente 0948,58,Premium,9,167.91,7,2,Nordeste,Sim,56+,0-12
Cliente 0106,30,Básico,38,74.75,3,1,Sul,Sim,26-35,37-48
Cliente 0072,64,Premium,40,159.51,2,2,Sudeste,Não,56+,37-48
Cliente 0235,33,Standard,36,109.08,0,1,Norte,Não,26-35,25-36
Cliente 0348,41,Básico,19,63.66,0,3,Centro-Oeste,Não,36-45,13-24
Cliente 0689,54,Standard,33,101.05,3,0,Norte,Não,46-55,25-36
Cliente 0403,50,Premium,9,152.58,0,0,Sudeste,Não,46-55,0-12
Cliente 0840,52,Premium,26,151.62,0,1,Sul,Não,46-55,25-36
Cliente 0521,26,Standard,12,116.75,4,0,Sudeste,Sim,26-35,0-12
Cliente 0510,41,Básico,25,81.02,3,7,Sul,Sim,36-45,25-36
Cliente 0977,59,Premium,3,166.75,6,7,Sul,Sim,56+,0-12
Cliente 0050,23,Básico,3,68.87,6,4,Sul,Sim,18-25,0-12
Cliente 0387,45,Standard,14,122.24,0,1,Sul,Não,36-45,13-24
Cliente 0303,42,Básico,21,64.68,1,8,Sudeste,Não,36-45,13-24
Cliente 0180,55,Standard,21,121.9,4,1,Sudeste,Sim,46-55,13-24
Cliente 0202,60,Premium,23,151.83,0,7,Sudeste,Sim,56+,13-24
Cliente 0744,64,Premium,30,163.01,1,1,Sul,Não,56+,25-36
Cliente 0762,54,Standard,54,102.47,0,7,Sudeste,Não,46-55,49+
Cliente 0232,33,Standard,6,116.45,3,5,Sudeste,Sim,26-35,0-12
Cliente 0451,66,Básico,12,84.69,7,5,Sul,Sim,56+,0-12
Cliente 0914,27,Básico,14,83.68,3,4,Nordeste,Não,26-35,13-24
Cliente 0801,42,Standard,14,122.01,8,9,Norte,Não,36-45,13-24
Cliente 0806,28,Premium,34,170.27,4,1,Sudeste,Sim,26-35,25-36
Cliente 0973,69,Básico,52,60.49,0,1,Sudeste,Não,56+,49+
Cliente 0606,40,Standard,40,114.58,0,2,Sudeste,Sim,36-45,37-48
Cliente 0298,28,Básico,38,77.88,0,3,Sudeste,Não,26-35,37-48
Cliente 0749,19,Standard,1,113.02,0,0,Sul,Não,18-25,0-12
Cliente 0788,60,Premium,55,171.59,0,9,Sul,Não,56+,49+
Cliente 0126,28,Básico,9,64.23,0,1,Sudeste,Não,26-35,0-12
Cliente 0992,39,Standard,6,106.77,0,3,Sudeste,Não,36-45,0-12
Cliente 0552,38,Premium,44,172.53,0,2,Sudeste,Não,36-45,37-48
Cliente 0882,37,Standard,29,107.93,1,5,Centro-Oeste,Não,36-45,25-36
Cliente 0021,64,Básico,58,74.15,0,7,Centro-Oeste,Não,56+,49+
Cliente 0831,46,Premium,46,171.72,1,0,Centro-Oeste,Não,46-55,37-48
Cliente 0754,65,Premium,29,157.79,0,3,Sudeste,Não,56+,25-36
Cliente 0278,21,Básico,35,67.01,0,5,Sudeste,Sim,18-25,25-36
Cliente 0930,25,Básico,15,73.24,0,4,Sudeste,Não,18-25,13-24
Cliente 0257,64,Básico,22,78.46,3,0,Sul,Sim,56+,13-24
Cliente 0399,29,Premium,10,172.36,0,12,Centro-Oeste,Sim,26-35,0-12
Cliente 0990,23,Standard,35,117.41,1,2,Sudeste,Não,18-25,25-36
Cliente 0212,66,Standard,53,109.44,0,2,Sudeste,Não,56+,49+
Cliente 0656,22,Básico,15,77.86,0,7,Sul,Sim,18-25,13-24
Cliente 0090,58,Premium,23,173.55,5,0,Sul,Não,56+,13-24
Cliente 0405,52,Básico,60,65.34,1,1,Sudeste,Não,46-55,49+
Cliente 0192,50,Standard,30,112.86,0,0,Centro-Oeste,Não,46-55,25-36
Cliente 0664,59,Básico,51,67.32,0,2,Sudeste,Sim,56+,49+
Cliente 0672,29,Premium,53,167.54,2,4,Nordeste,Sim,26-35,49+
Cliente 0974,54,Premium,20,159.06,0,0,Centro-Oeste,Não,46-55,13-24
Cliente 0475,48,Standard,53,106.43,4,0,Sudeste,Sim,46-55,49+
Cliente 0871,46,Básico,54,66.1,0,1,Sudeste,Não,46-55,49+
Cliente 0734,37,Básico,60,64.89,4,1,Sul,Sim,36-45,49+
Cliente 0028,30,Premium,12,159.46,3,5,Sudeste,Sim,26-35,0-12
Cliente 0224,41,Básico,22,70.43,1,2,Norte,Não,36-45,13-24
Cliente 0217,48,Standard,29,123.06,0,1,Centro-Oeste,Não,46-55,25-36
Cliente 0249,49,Básico,47,78.55,0,1,Norte,Sim,46-55,37-48
Cliente 0190,48,Premium,36,150.89,0,1,Sudeste,Não,46-55,25-36
Cliente 0667,31,Premium,15,167.58,3,2,Sudeste,Não,26-35,13-24
Cliente 0392,64,Standard,6,119.27,0,0,Nordeste,Sim,56+,0-12
Cliente 0071,31,Standard,10,121.28,1,10,Norte,Sim,26-35,0-12
Cliente 0653,44,Básico,5,79.83,0,0,Sudeste,Sim,36-45,0-12
Cliente 0534,59,Premium,31,174.67,1,7,Sul,Não,56+,25-36
Cliente 0983,50,Básico,2,83.29,7,1,Nordeste,Sim,46-55,0-12
Cliente 0693,50,Premium,50,156.88,1,1,Centro-Oeste,Não,46-55,49+
Cliente 0712,50,Standard,5,114.33,8,0,Sudeste,Sim,46-55,0-12
Cliente 0220,37,Premium,35,152.04,4,0,Sudeste,Sim,36-45,25-36
Cliente 0234,20,Premium,45,164.88,1,3,Sudeste,Não,18-25,37-48
Cliente 0415,29,Standard,12,118.05,0,5,Nordeste,Sim,26-35,0-12
Cliente 0289,48,Standard,47,118.18,2,12,Sudeste,Sim,46-55,37-48
Cliente 0945,47,Premium,57,172.54,2,3,Nordeste,Não,46-55,49+
Cliente 0707,56,Básico,22,75.52,1,1,Centro-Oeste,Sim,56+,13-24
Cliente 0367,18,Standard,32,108.17,0,0,Sul,Sim,18-25,25-36
Cliente 0515,38,Standard,7,114.84,4,0,Sudeste,Não,36-45,0-12
Cliente 0849,70,Standard,10,114.83,5,5,Nordeste,Sim,56+,0-12
Cliente 0625,41,Standard,11,112.08,2,6,Sudeste,Sim,36-45,0-12
Cliente 0833,33,Básico,41,76.35,2,0,Sul,Não,26-35,37-48
Cliente 0565,67,Básico,8,60.92,1,1,Centro-Oeste,Não,56+,0-12
Cliente 0643,46,Standard,34,119.74,3,0,Centro-Oeste,Não,46-55,25-36
Cliente 0607,45,Standard,3,109.68,6,1,Centro-Oeste,Sim,36-45,0-12
Cliente 0334,64,Básico,22,67.42,0,4,Centro-Oeste,Sim,56+,13-24
Cliente 0705,62,Básico,10,82.96,0,0,Sudeste,Não,56+,0-12
Cliente 0105,26,Básico,52,67.51,0,1,Sudeste,Não,26-35,49+
Cliente 0129,65,Standard,3,101.28,0,4,Nordeste,Não,56+,0-12
Cliente 0774,23,Premium,37,152.79,2,5,Sul,Não,18-25,37-48
Cliente 0564,55,Básico,32,80.93,2,5,Sul,Sim,46-55,25-36
Cliente 0984,32,Standard,5,111.77,3,12,Sul,Sim,26-35,0-12
Cliente 0242,40,Básico,17,84.5,1,9,Nordeste,Sim,36-45,13-24
Cliente 0678,56,Standard,38,114.67,0,2,Sudeste,Não,56+,37-48
Cliente 0007,49,Nao informado,27,109.26,0,4,Nordeste,Não,46-55,25-36
Cliente 0661,40,Básico,33,61.1,1,3,Sudeste,Sim,36-45,25-36
Cliente 0404,46,Standard,27,111.63,5,0,Centro-Oeste,Não,46-55,25-36
Cliente 0941,24,Standard,8,114.41,1,3,Sudeste,Não,18-25,0-12
Cliente 0550,32,Básico,26,74.93,0,2,Sudeste,Sim,26-35,25-36
Cliente 0668,55,Standard,50,114.3,3,0,Sul,Não,46-55,49+
Cliente 0669,62,Premium,44,172.74,2,5,Sul,Não,56+,37-48
Cliente 0062,46,Premium,1,152.24,0,0,Sudeste,Não,46-55,0-12
Cliente 0527,55,Premium,41,152.11,1,2,Sudeste,Não,46-55,37-48
Cliente 0446,46,Standard,34,120.87,0,0,Sudeste,Não,46-55,25-36
Cliente 0063,70,Premium,58,158.87,2,4,Nordeste,Sim,56+,49+
Cliente 0038,36,Standard,7,110.97,1,0,Nordeste,Não,36-45,0-12
Cliente 0839,69,Básico,42,76.49,0,0,Sudeste,Não,56+,37-48
Cliente 0626,58,Básico,58,73.19,2,0,Sul,Não,56+,49+
Cliente 0711,53,Standard,5,119.78,0,1,Sudeste,Sim,46-55,0-12
Cliente 0166,38,Premium,28,157.29,0,10,Sudeste,Sim,36-45,25-36
Cliente 0619,43,Básico,47,67.82,0,8,Sudeste,Não,36-45,37-48
Cliente 0733,29,Standard,10,107.7,0,5,Sudeste,Não,26-35,0-12
Cliente 0894,20,Básico,14,60.42,3,4,Sul,Não,18-25,13-24
Cliente 0551,22,Básico,14,73.92,0,1,Sudeste,Não,18-25,13-24
Cliente 0785,44,Standard,37,108.69,5,0,Norte,Não,36-45,37-48
Cliente 0401,19,Standard,20,110.87,0,5,Sudeste,Não,18-25,13-24
Cliente 0885,34,Premium,58,161.56,2,3,Sul,Sim,26-35,49+
Cliente 0603,24,Básico,6,69.38,0,11,Sul,Sim,18-25,0-12
Cliente 0013,18,Básico,5,72.66,2,0,Sul,Não,18-25,0-12
Cliente 0932,38,Premium,42,151.13,4,6,Sudeste,Sim,36-45,37-48
Cliente 0703,62,Básico,8,79.01,2,0,Sudeste,Não,56+,0-12
Cliente 0440,39,Premium,56,166.61,2,0,Sul,Não,36-45,49+
Cliente 0287,28,Básico,57,76.15,0,0,Sudeste,Não,26-35,49+
Cliente 0145,40,Standard,38,114.48,0,4,Sudeste,Não,36-45,37-48
Cliente 0926,23,Standard,39,112.68,0,1,Sudeste,Não,18-25,37-48
Cliente 0594,34,Básico,46,68.53,2,0,Nordeste,Não,26-35,37-48
Cliente 0414,64,Premium,19,174.6,1,0,Centro-Oeste,Não,56+,13-24
Cliente 0911,56,Básico,11,70.08,2,2,Nordeste,Não,56+,0-12
Cliente 0750,51,Básico,46,80.24,0,1,Centro-Oeste,Não,46-55,37-48
Cliente 0478,63,Básico,26,65.28,0,0,Centro-Oeste,Não,56+,25-36
Cliente 0709,22,Premium,41,160.15,2,1,Centro-Oeste,Sim,18-25,37-48
Cliente 0800,65,Standard,3,110.37,0,2,Sudeste,Não,56+,0-12
Cliente 0026,68,Standard,39,124.16,0,2,Sudeste,Não,56+,37-48
Cliente 0590,47,Básico,8,80.69,0,0,Sudeste,Não,46-55,0-12
Cliente 0082,59,Premium,22,166.8,0,0,Sudeste,Sim,56+,13-24
Cliente 0362,59,Premium,52,160.35,8,1,Centro-Oeste,Sim,56+,49+
Cliente 0134,70,Básico,9,66.08,0,1,Nordeste,Não,56+,0-12
Cliente 0002,39,Básico,4,63.89,0,1,Centro-Oeste,Sim,36-45,0-12
Cliente 0747,56,Premium,55,166.52,3,5,Sudeste,Sim,56+,49+
Cliente 0020,67,Básico,34,68.02,1,2,Centro-Oeste,Sim,56+,25-36
Cliente 0030,38,Básico,25,61.19,1,0,Sudeste,Não,36-45,25-36
Cliente 0335,22,Básico,47,65.62,2,2,Nordeste,Sim,18-25,37-48
Cliente 0502,22,Standard,3,104.17,2,0,Nordeste,Não,18-25,0-12
Cliente 0969,40,Premium,52,163.25,2,4,Sudeste,Sim,36-45,49+
Cliente 0584,50,Básico,9,69.38,1,3,Sul,Sim,46-55,0-12
Cliente 0351,39,Básico,3,69.64,0,0,Nordeste,Sim,36-45,0-12
Cliente 0084,43,Standard,12,119.18,4,2,Sudeste,Não,36-45,0-12
Cliente 0496,18,Standard,13,104.04,1,1,Sudeste,Não,18-25,13-24
Cliente 0331,61,Básico,12,75.39,4,12,Sudeste,Sim,56+,0-12
Cliente 0054,53,Básico,41,63.16,1,0,Centro-Oeste,Não,46-55,37-48
Cliente 0174,27,Básico,12,83.97,1,2,Sudeste,Não,26-35,0-12
Cliente 0437,21,Standard,19,111.7,0,4,Centro-Oeste,Não,18-25,13-24
Cliente 0489,69,Standard,1,105.32,4,1,Sul,Sim,56+,0-12
Cliente 0571,20,Básico,22,79.94,2,2,Sudeste,Não,18-25,13-24
Cliente 0858,29,Standard,23,109.8,2,1,Sudeste,Não,26-35,13-24
Cliente 0921,28,Standard,48,108.31,0,0,Sudeste,Não,26-35,37-48
Cliente 0896,58,Básico,56,73.28,3,0,Sul,Não,56+,49+
Cliente 0467,31,Standard,44,124.56,0,0,Centro-Oeste,Não,26-35,37-48
Cliente 0946,36,Básico,48,72.655,1,3,Sudeste,Não,36-45,37-48
Cliente 0857,39,Básico,22,80.0,8,4,Sudeste,Sim,36-45,13-24
Cliente 0424,63,Standard,37,120.53,0,0,Sudeste,Sim,56+,37-48
Cliente 0986,31,Standard,43,114.04,2,2,Sudeste,Não,26-35,37-48
Cliente 0150,60,Premium,10,172.78,1,0,Sudeste,Não,56+,0-12
Cliente 0517,55,Standard,2,103.18,2,2,Sul,Sim,46-55,0-12
Cliente 0219,54,Básico,57,68.17,5,2,Sudeste,Não,46-55,49+
Cliente 0967,57,Standard,60,112.86,1,0,Nordeste,Não,56+,49+
Cliente 0495,56,Standard,54,124.2,1,2,Sul,Não,56+,49+
Cliente 0640,49,Premium,32,151.36,8,1,Centro-Oeste,Sim,46-55,25-36
Cliente 0465,23,Standard,11,112.63,0,1,Centro-Oeste,Não,18-25,0-12
Cliente 0144,37,Standard,25,124.37,2,5,Sudeste,Sim,36-45,25-36
Cliente 0127,44,Básico,51,77.25,0,0,Nordeste,Não,36-45,49+
Cliente 0153,62,Standard,18,101.87,2,2,Sudeste,Não,56+,13-24
Cliente 0239,66,Standard,49,104.82,1,2,Norte,Não,56+,49+
Cliente 0593,54,Básico,32,78.02,4,5,Sudeste,Sim,46-55,25-36
Cliente 0630,58,Standard,60,109.81,0,0,Sudeste,Não,56+,49+
Cliente 0536,54,Standard,51,120.38,0,0,Nordeste,Sim,46-55,49+
Cliente 0906,36,Básico,8,78.26,0,3,Nordeste,Não,36-45,0-12
Cliente 0248,38,Básico,31,77.37,6,0,Norte,Sim,36-45,25-36
Cliente 0574,69,Básico,24,67.44,0,0,Sudeste,Não,56+,13-24
Cliente 0109,56,Standard,42,102.45,4,0,Centro-Oeste,Não,56+,37-48
Cliente 0384,60,Básico,46,72.31,1,0,Sudeste,Não,56+,37-48
Cliente 0338,52,Standard,50,105.47,1,6,Sudeste,Não,46-55,49+
Cliente 0981,18,Básico,54,64.99,0,3,Nordeste,Sim,18-25,49+
Cliente 0605,29,Básico,52,75.12,1,2,Sudeste,Não,26-35,49+
Cliente 0045,36,Básico,47,77.91,0,0,Sul,Não,36-45,37-48
Cliente 0602,31,Básico,16,81.7,0,4,Centro-Oeste,Não,26-35,13-24
Cliente 0406,69,Básico,45,78.75,2,1,Norte,Não,56+,37-48
Cliente 0802,22,Premium,24,163.15,3,1,Sudeste,Não,18-25,13-24
Cliente 0507,49,Básico,4,63.15,1,0,Norte,Não,46-55,0-12
Cliente 0325,27,Standard,25,100.44,5,3,Sul,Não,26-35,25-36
Cliente 0895,63,Básico,30,78.15,4,0,Nordeste,Não,56+,25-36
Cliente 0169,26,Básico,19,61.92,0,0,Sul,Não,26-35,13-24
Cliente 0138,48,Standard,50,116.8,5,1,Sudeste,Sim,46-55,49+
Cliente 0423,50,Standard,39,102.35,1,2,Norte,Não,46-55,37-48
Cliente 0221,70,Premium,44,151.12,0,2,Sudeste,Sim,56+,37-48
Cliente 0680,68,Premium,18,164.29,1,0,Sudeste,Sim,56+,13-24
Cliente 0226,57,Básico,13,84.44,1,2,Sul,Não,56+,13-24
Cliente 0455,27,Standard,1,101.34,0,1,Sudeste,Sim,26-35,0-12
Cliente 0520,31,Standard,29,107.9,3,5,Centro-Oeste,Não,26-35,25-36
Cliente 0853,61,Básico,33,67.24,1,4,Nordeste,Sim,56+,25-36
Cliente 0628,19,Básico,46,60.22,0,0,Sudeste,Não,18-25,37-48
Cliente 0580,21,Standard,4,112.63,1,4,Sudeste,Não,18-25,0-12
Cliente 0356,28,Premium,30,155.03,2,1,Sul,Não,26-35,25-36
Cliente 0778,57,Básico,16,77.34,1,2,Sudeste,Não,56+,13-24
Cliente 0137,70,Básico,27,66.05,1,1,Sudeste,Sim,56+,25-36
Cliente 0752,25,Básico,17,77.4,2,2,Nordeste,Não,18-25,13-24
Cliente 0964,24,Básico,58,67.43,3,0,Nordeste,Não,18-25,49+
Cliente 0761,22,Standard,1,124.48,0,1,Sul,Sim,18-25,0-12
Cliente 0918,19,Básico,54,81.56,4,4,Sudeste,Sim,18-25,49+
Cliente 0879,46,Básico,7,61.04,1,1,Sudeste,Sim,46-55,0-12
Cliente 0822,28,Standard,15,100.22,0,0,Centro-Oeste,Não,26-35,13-24
Cliente 0912,54,Básico,20,75.86,0,1,Centro-Oeste,Não,46-55,13-24
Cliente 0294,47,Básico,58,67.1,3,0,Sudeste,Sim,46-55,49+
Cliente 0950,45,Básico,45,70.65,0,0,Sudeste,Não,36-45,37-48
Cliente 0916,64,Básico,3,63.18,1,4,Sudeste,Não,56+,0-12
Cliente 0732,26,Básico,33,83.94,0,3,Sudeste,Sim,26-35,25-36
Cliente 0741,69,Básico,44,64.96,2,1,Sul,Não,56+,37-48
Cliente 0011,64,Básico,31,84.42,0,2,Sudeste,Não,56+,25-36
Cliente 0968,57,Standard,42,104.0,2,2,Sudeste,Não,56+,37-48
Cliente 0541,38,Básico,22,76.75,0,2,Nordeste,Não,36-45,13-24
Cliente 0252,43,Standard,15,103.04,1,1,Sudeste,Não,36-45,13-24
Cliente 0208,44,Standard,4,105.61,2,0,Sudeste,Não,36-45,0-12
Cliente 0394,65,Básico,44,69.0,2,8,Sudeste,Não,56+,37-48
Cliente 0637,27,Básico,58,81.15,1,1,Centro-Oeste,Sim,26-35,49+
Cliente 0070,22,Premium,56,155.3,1,7,Sul,Não,18-25,49+
Cliente 0674,29,Básico,15,65.75,0,0,Sul,Não,26-35,13-24
Cliente 0195,48,Básico,41,69.04,0,1,Sudeste,Não,46-55,37-48
Cliente 0650,58,Básico,26,66.84,4,10,Sul,Não,56+,25-36
Cliente 0573,60,Standard,13,102.92,0,0,Sudeste,Não,56+,13-24
Cliente 0768,60,Premium,33,156.17,0,1,Nordeste,Sim,56+,25-36
Cliente 0113,37,Standard,45,100.31,2,2,Sudeste,Sim,36-45,37-48
Cliente 0326,23,Standard,17,123.96,0,0,Sul,Não,18-25,13-24
Cliente 0613,58,Premium,55,160.46,0,0,Sudeste,Não,56+,49+
Cliente 0313,49,Básico,39,67.86,1,4,Nordeste,Sim,46-55,37-48
Cliente 0433,45,Premium,7,173.55,0,7,Sudeste,Sim,36-45,0-12
Cliente 0503,29,Standard,20,109.39,1,1,Sudeste,Sim,26-35,13-24
Cliente 0342,68,Básico,53,80.46,1,12,Sudeste,Não,56+,49+
Cliente 0719,49,Standard,7,117.86,2,2,Sudeste,Sim,46-55,0-12
Cliente 0612,20,Premium,11,153.46,1,4,Sul,Sim,18-25,0-12
Cliente 0892,51,Standard,46,121.29,1,12,Sudeste,Não,46-55,37-48
Cliente 0508,35,Básico,26,62.86,0,0,Centro-Oeste,Não,26-35,25-36
Cliente 0623,39,Standard,16,114.81,1,0,Nordeste,Não,36-45,13-24
Cliente 0442,52,Standard,36,122.09,6,0,Sudeste,Não,46-55,25-36
Cliente 0282,20,Básico,43,72.13,0,3,Sudeste,Não,18-25,37-48
Cliente 0408,54,Standard,51,121.05,0,1,Sudeste,Não,46-55,49+
Cliente 0188,64,Básico,55,80.76,5,12,Sudeste,Não,56+,49+
Cliente 0443,34,Básico,25,62.88,2,1,Sudeste,Não,26-35,25-36
Cliente 0635,30,Básico,40,71.88,0,0,Sul,Não,26-35,37-48
Cliente 0795,58,Standard,7,110.06,2,1,Sudeste,Não,56+,0-12
Cliente 0460,59,Premium,36,154.32,6,2,Centro-Oeste,Sim,56+,25-36
Cliente 0093,65,Standard,26,101.73,1,1,Nordeste,Sim,56+,25-36
Cliente 0411,45,Standard,6,112.63,0,2,Centro-Oeste,Não,36-45,0-12
Cliente 0652,20,Básico,4,63.79,0,0,Sul,Não,18-25,0-12
Cliente 0708,29,Básico,29,79.94,0,1,Sudeste,Não,26-35,25-36
Cliente 0575,29,Premium,3,174.09,1,4,Sudeste,Não,26-35,0-12
Cliente 0987,47,Básico,5,61.1,4,2,Centro-Oeste,Sim,46-55,0-12
Cliente 0504,65,Standard,52,118.93,0,7,Sudeste,Não,56+,49+
Cliente 0687,51,Standard,57,112.12,1,4,Sudeste,Sim,46-55,49+
Cliente 0476,41,Premium,41,150.51,0,5,Sudeste,Não,36-45,37-48
Cliente 0910,57,Standard,44,114.64,2,2,Sudeste,Não,56+,37-48
Cliente 0558,61,Standard,44,118.55,2,0,Sul,Sim,56+,37-48
Cliente 0659,38,Premium,46,171.09,6,2,Sul,Sim,36-45,37-48
Cliente 0131,32,Básico,5,61.71,1,1,Sudeste,Sim,26-35,0-12
Cliente 0917,35,Standard,18,105.85,0,0,Sudeste,Não,26-35,13-24
Cliente 0563,18,Básico,40,80.94,7,0,Sudeste,Sim,18-25,37-48
Cliente 0610,67,Standard,50,101.98,5,12,Sul,Sim,56+,49+
Cliente 0198,66,Premium,57,164.19,4,1,Sudeste,Não,56+,49+
Cliente 0216,31,Standard,22,114.27,4,3,Sul,Não,26-35,13-24
Cliente 0751,64,Básico,39,72.46,1,0,Sudeste,Não,56+,37-48
Cliente 0980,34,Básico,25,73.44,2,1,Norte,Sim,26-35,25-36
Cliente 0998,70,Básico,53,66.99,0,5,Norte,Não,56+,49+
Cliente 0901,48,Básico,40,72.23,0,2,Sudeste,Não,46-55,37-48
Cliente 0482,61,Básico,16,65.52,3,4,Sudeste,Sim,56+,13-24
Cliente 0576,43,Básico,4,68.54,1,0,Sudeste,Sim,36-45,0-12
Cliente 0472,23,Básico,22,66.41,2,5,Sudeste,Sim,18-25,13-24
Cliente 0441,48,Standard,41,122.69,2,4,Sudeste,Sim,46-55,37-48
Cliente 0830,62,Standard,32,111.77,2,0,Sudeste,Não,56+,25-36
Cliente 0682,23,Standard,1,113.01,1,1,Sudeste,Não,18-25,0-12
Cliente 0760,24,Básico,47,71.48,2,2,Sul,Não,18-25,37-48
Cliente 0258,22,Básico,54,72.655,0,2,Sudeste,Não,18-25,49+
Cliente 0764,54,Básico,13,68.95,7,3,Sudeste,Sim,46-55,13-24
Cliente 0429,69,Premium,38,152.63,1,0,Sudeste,Não,56+,37-48
Cliente 0782,21,Básico,2,82.12,0,1,Norte,Sim,18-25,0-12
Cliente 0962,50,Premium,17,156.29,0,5,Centro-Oeste,Não,46-55,13-24
Cliente 0498,34,Premium,50,173.85,1,6,Nordeste,Não,26-35,49+
Cliente 0636,33,Premium,1,150.06,6,12,Sul,Sim,26-35,0-12
Cliente 0491,24,Básico,43,76.03,0,7,Sudeste,Não,18-25,37-48
Cliente 0666,31,Standard,11,103.49,0,7,Sudeste,Não,26-35,0-12
Cliente 0461,40,Premium,12,159.73,0,0,Centro-Oeste,Não,36-45,0-12
Cliente 0077,36,Premium,30,159.24,2,5,Sudeste,Não,36-45,25-36
Cliente 0553,62,Standard,48,102.75,8,1,Sudeste,Sim,56+,37-48
Cliente 0884,53,Standard,45,104.4,0,8,Sudeste,Não,46-55,37-48
Cliente 0890,30,Básico,1,78.24,1,5,Nordeste,Não,26-35,0-12
Cliente 0066,54,Básico,44,73.49,0,1,Sudeste,Não,46-55,37-48
Cliente 0925,58,Standard,30,111.14,1,3,Sudeste,Não,56+,25-36
Cliente 0207,19,Standard,40,102.12,0,6,Sudeste,Não,18-25,37-48
Cliente 0009,67,Básico,13,74.56,3,1,Sul,Não,56+,13-24
Cliente 0078,59,Standard,22,104.87,0,0,Nordeste,Não,56+,13-24
Cliente 0872,50,Premium,56,151.0,3,5,Centro-Oeste,Sim,46-55,49+
Cliente 0059,24,Básico,46,75.02,0,6,Norte,Sim,18-25,37-48
Cliente 0763,52,Básico,42,70.16,3,0,Centro-Oeste,Não,46-55,37-48
Cliente 0473,23,Básico,22,82.29,3,3,Nordeste,Não,18-25,13-24
Cliente 0425,51,Básico,24,70.6,7,5,Sudeste,Sim,46-55,13-24
Cliente 0378,27,Básico,51,77.67,0,11,Sudeste,Sim,26-35,49+
Cliente 0481,30,Standard,38,108.46,0,6,Centro-Oeste,Não,26-35,37-48
Cliente 0497,30,Standard,30,120.33,3,1,Nordeste,Sim,26-35,25-36
Cliente 0632,58,Premium,17,161.56,0,0,Sul,Sim,56+,13-24
Cliente 0970,48,Premium,30,152.18,0,6,Sudeste,Não,46-55,25-36
Cliente 0320,50,Standard,2,106.87,1,0,Sudeste,Não,46-55,0-12
Cliente 0365,57,Standard,3,114.0,1,9,Sudeste,Sim,56+,0-12
Cliente 0413,23,Premium,44,155.91,3,2,Sudeste,Não,18-25,37-48
Cliente 0142,65,Premium,38,174.03,2,0,Sul,Sim,56+,37-48
Cliente 0089,39,Standard,3,104.52,2,0,Sudeste,Não,36-45,0-12
Cliente 0648,50,Premium,36,168.52,0,5,Sul,Sim,46-55,25-36
Cliente 0820,20,Standard,49,101.78,2,5,Sudeste,Não,18-25,49+
Cliente 0813,35,Premium,15,153.65,3,0,Sul,Não,26-35,13-24
Cliente 0324,46,Básico,28,83.33,1,3,Nordeste,Não,46-55,25-36
Cliente 0767,23,Premium,7,158.92,1,10,Sudeste,Não,18-25,0-12
Cliente 0322,49,Standard,5,121.96,2,3,Sul,Sim,46-55,0-12
Cliente 0061,52,Básico,59,68.14,3,2,Sudeste,Não,46-55,49+
Cliente 0487,27,Premium,22,159.73,0,0,Sudeste,Não,26-35,13-24
Cliente 0837,67,Básico,18,72.26,2,2,Sul,Não,56+,13-24
Cliente 0386,49,Básico,46,78.21,2,0,Centro-Oeste,Não,46-55,37-48
Cliente 0420,33,Premium,25,171.22,2,1,Sudeste,Não,26-35,25-36
Cliente 0769,33,Standard,35,112.0,3,1,Sudeste,Não,26-35,25-36
Cliente 0434,37,Premium,28,150.79,0,1,Nordeste,Não,36-45,25-36
Cliente 0302,19,Básico,23,81.37,1,0,Sudeste,Não,18-25,13-24
Cliente 0982,27,Standard,19,123.42,4,2,Nordeste,Não,26-35,13-24
Cliente 0297,21,Premium,8,174.49,0,8,Centro-Oeste,Sim,18-25,0-12
Cliente 0316,27,Standard,11,103.03,1,4,Norte,Sim,26-35,0-12
Cliente 0935,64,Premium,28,158.07,2,4,Sul,Não,56+,25-36
Cliente 0047,66,Básico,43,68.02,0,3,Sul,Sim,56+,37-48
Cliente 0087,23,Premium,29,161.5,0,3,Centro-Oeste,Não,18-25,25-36
Cliente 0110,26,Standard,48,112.63,0,1,Sudeste,Não,26-35,37-48
Cliente 0361,29,Standard,12,108.44,4,3,Sudeste,Sim,26-35,0-12
Cliente 0646,21,Básico,15,72.06,1,2,Centro-Oeste,Sim,18-25,13-24
Cliente 0017,52,Básico,59,76.3,5,4,Sudeste,Sim,46-55,49+
Cliente 0494,55,Básico,54,67.61,1,0,Norte,Não,46-55,49+
Cliente 0816,56,Premium,49,159.82,0,0,Sudeste,Não,56+,49+
Cliente 0194,28,Premium,27,165.35,0,1,Sudeste,Sim,26-35,25-36
Cliente 0960,43,Standard,20,102.69,1,3,Norte,Não,36-45,13-24
Cliente 0629,22,Básico,34,67.18,0,6,Nordeste,Sim,18-25,25-36
Cliente 0868,56,Standard,46,119.67,2,0,Nordeste,Sim,56+,37-48
Cliente 0843,48,Básico,50,73.67,0,2,Nordeste,Sim,46-55,49+
Cliente 0402,20,Básico,55,84.59,1,1,Sudeste,Não,18-25,49+
Cliente 0807,31,Básico,20,68.52,3,0,Centro-Oeste,Sim,26-35,13-24
Cliente 0540,21,Básico,39,79.15,0,1,Sul,Não,18-25,37-48
Cliente 0439,53,Básico,50,67.0,5,2,Centro-Oeste,Não,46-55,49+
Cliente 0141,34,Básico,9,82.87,1,1,Nordeste,Sim,26-35,0-12
Cliente 0199,65,Básico,23,78.85,1,0,Sudeste,Sim,56+,13-24
Cliente 0468,54,Premium,14,158.47,1,0,Norte,Não,46-55,13-24
Cliente 0015,53,Básico,23,60.49,2,0,Sul,Sim,46-55,13-24
Cliente 0088,33,Premium,36,167.27,5,1,Sudeste,Não,26-35,25-36
Cliente 0266,70,Básico,37,81.4,1,0,Sudeste,Sim,56+,37-48
Cliente 0263,43,Standard,33,122.79,0,5,Sul,Sim,36-45,25-36
Cliente 0223,36,Básico,60,77.0,0,1,Sul,Não,36-45,49+
Cliente 0756,62,Básico,57,61.86,2,3,Sudeste,Não,56+,49+
Cliente 0260,22,Básico,56,60.94,1,4,Sul,Não,18-25,49+
Cliente 0004,23,Standard,9,119.65,0,6,Sudeste,Sim,18-25,0-12
Cliente 0355,34,Básico,38,82.41,3,2,Sul,Sim,26-35,37-48
Cliente 0490,46,Premium,43,166.7,0,0,Sudeste,Não,46-55,37-48
Cliente 0616,31,Básico,46,77.4,4,4,Sudeste,Sim,26-35,37-48
Cliente 0474,67,Premium,23,156.59,4,7,Norte,Sim,56+,13-24
Cliente 0662,69,Standard,52,113.28,3,6,Nordeste,Não,56+,49+
Cliente 0140,61,Standard,14,105.13,0,3,Nordeste,Não,56+,13-24
Cliente 0068,45,Básico,52,79.92,0,3,Sudeste,Não,36-45,49+
Cliente 0516,62,Premium,60,174.68,1,7,Centro-Oeste,Não,56+,49+
Cliente 0343,49,Básico,12,60.85,0,7,Sudeste,Sim,46-55,0-12
Cliente 0057,31,Standard,28,119.35,0,6,Sul,Sim,26-35,25-36
Cliente 0305,52,Premium,25,157.33,0,1,Sul,Não,46-55,25-36
Cliente 0746,67,Básico,3,81.71,0,1,Sul,Não,56+,0-12
Cliente 0886,66,Básico,15,79.4,0,9,Sudeste,Sim,56+,13-24
Cliente 0052,70,Básico,36,61.52,5,0,Nordeste,Não,56+,25-36
Cliente 0514,47,Standard,19,121.19,1,4,Nordeste,Não,46-55,13-24
Cliente 0466,18,Básico,15,66.38,4,0,Sudeste,Não,18-25,13-24
Cliente 0531,20,Básico,43,79.56,1,0,Norte,Sim,18-25,37-48
Cliente 0781,34,Standard,20,101.98,0,0,Centro-Oeste,Não,26-35,13-24
Cliente 0306,62,Básico,54,75.85,0,4,Sudeste,Sim,56+,49+
Cliente 0825,69,Standard,20,120.3,3,3,Sul,Não,56+,13-24
Cliente 0435,62,Standard,43,114.51,0,8,Centro-Oeste,Não,56+,37-48
Cliente 0538,42,Básico,54,68.84,1,4,Nordeste,Sim,36-45,49+
Cliente 0696,56,Standard,13,106.86,1,3,Nordeste,Não,56+,13-24
Cliente 0358,36,Básico,12,67.63,0,2,Sudeste,Não,36-45,0-12
Cliente 0187,42,Básico,48,79.31,6,7,Sudeste,Sim,36-45,37-48
Cliente 0556,61,Standard,35,124.49,1,4,Sudeste,Sim,56+,25-36
Cliente 0130,20,Premium,40,170.86,5,1,Sul,Não,18-25,37-48
Cliente 0360,25,Standard,25,118.55,2,1,Nordeste,Sim,18-25,25-36
Cliente 0245,18,Standard,21,112.14,0,1,Nordeste,Não,18-25,13-24
Cliente 0256,47,Básico,8,80.35,5,1,Nordeste,Sim,46-55,0-12
Cliente 0783,38,Básico,52,61.22,3,3,Sul,Sim,36-45,49+
Cliente 0391,47,Standard,11,107.47,1,3,Sudeste,Não,46-55,0-12
Cliente 0721,52,Standard,54,121.25,0,0,Nordeste,Não,46-55,49+
Cliente 0155,67,Básico,7,62.42,1,0,Sul,Não,56+,0-12
Cliente 0372,57,Standard,30,100.22,2,2,Sudeste,Sim,56+,25-36
Cliente 0583,26,Nao informado,46,111.64,1,4,Norte,Não,26-35,37-48
Cliente 0957,40,Básico,26,76.26,1,2,Nordeste,Não,36-45,25-36
Cliente 0159,47,Básico,9,71.51,0,12,Sudeste,Sim,46-55,0-12
Cliente 0766,30,Standard,8,114.9,2,0,Sudeste,Não,26-35,0-12
Cliente 0951,56,Básico,48,82.06,0,5,Sudeste,Não,56+,37-48
Cliente 0272,48,Standard,48,100.24,2,8,Sul,Não,46-55,37-48
Cliente 0485,54,Básico,59,63.77,0,4,Sudeste,Não,46-55,49+
Cliente 0147,24,Básico,42,64.66,0,0,Centro-Oeste,Sim,18-25,37-48
Cliente 0718,23,Standard,56,121.24,3,1,Sudeste,Não,18-25,49+
Cliente 0791,18,Básico,19,72.44,2,1,Nordeste,Não,18-25,13-24
Cliente 0395,61,Standard,6,101.0,0,1,Nordeste,Não,56+,0-12
Cliente 0827,20,Standard,28,107.26,5,4,Sul,Sim,18-25,25-36
Cliente 0419,47,Básico,43,65.04,0,1,Sudeste,Não,46-55,37-48
Cliente 0844,66,Básico,19,70.96,0,1,Sul,Não,56+,13-24
Cliente 0577,58,Standard,26,111.94,0,1,Sudeste,Não,56+,25-36
Cliente 0838,51,Básico,27,83.61,1,6,Sudeste,Não,46-55,25-36
Cliente 0996,52,Básico,17,60.33,0,2,Centro-Oeste,Não,46-55,13-24
Cliente 0900,34,Standard,1,111.36,4,1,Sudeste,Não,26-35,0-12
Cliente 0681,33,Standard,5,119.44,2,5,Centro-Oeste,Não,26-35,0-12
Cliente 0589,59,Standard,18,124.27,5,7,Sudeste,Sim,56+,13-24
Cliente 0291,41,Standard,25,102.61,3,0,Sudeste,Não,36-45,25-36
Cliente 0412,23,Standard,39,121.9,1,6,Sudeste,Sim,18-25,37-48
Cliente 0863,67,Básico,56,62.0,0,1,Sudeste,Não,56+,49+
Cliente 0631,44,Standard,14,101.35,5,1,Norte,Não,36-45,13-24
Cliente 0214,42,Standard,34,106.96,3,1,Sul,Não,36-45,25-36
Cliente 0866,58,Standard,10,116.15,2,2,Sudeste,Não,56+,0-12
Cliente 0359,55,Básico,34,77.58,0,2,Nordeste,Não,46-55,25-36
Cliente 0181,49,Premium,43,160.12,3,4,Sul,Não,46-55,37-48
Cliente 0861,64,Básico,54,82.18,0,0,Sudeste,Não,56+,49+
Cliente 0381,59,Standard,15,105.37,8,0,Nordeste,Sim,56+,13-24
Cliente 0100,48,Standard,30,120.09,0,3,Centro-Oeste,Não,46-55,25-36
Cliente 0874,18,Básico,42,69.86,0,0,Sudeste,Não,18-25,37-48
Cliente 0136,57,Básico,47,79.24,0,0,Sudeste,Não,56+,37-48
Cliente 0177,34,Básico,41,69.49,2,3,Sudeste,Não,26-35,37-48
Cliente 0958,60,Básico,35,84.18,3,3,Sul,Não,56+,25-36
Cliente 0505,68,Básico,38,72.87,1,1,Centro-Oeste,Não,56+,37-48
Cliente 0560,53,Básico,42,82.67,2,10,Sudeste,Não,46-55,37-48
Cliente 0597,26,Standard,55,118.81,1,2,Centro-Oeste,Não,26-35,49+
Cliente 0040,45,Standard,10,112.23,0,0,Centro-Oeste,Sim,36-45,0-12
Cliente 0341,25,Standard,41,102.47,3,1,Centro-Oeste,Sim,18-25,37-48
Cliente 0003,45,Standard,57,114.84,0,1,Sudeste,Não,36-45,49+
Cliente 0452,61,Básico,48,63.03,0,1,Centro-Oeste,Não,56+,37-48
Cliente 0824,59,Premium,25,169.75,2,3,Sudeste,Não,56+,25-36
Cliente 0818,63,Básico,10,84.8,0,4,Sul,Não,56+,0-12
Cliente 0069,22,Básico,13,69.92,2,5,Sudeste,Não,18-25,13-24
Cliente 0209,30,Básico,49,81.47,0,1,Norte,Não,26-35,49+
Cliente 0609,69,Básico,45,64.54,0,0,Sul,Sim,56+,37-48
Cliente 0421,62,Básico,13,65.16,3,0,Centro-Oeste,Não,56+,13-24
Cliente 0254,55,Básico,4,60.5,2,1,Nordeste,Não,46-55,0-12
Cliente 0847,25,Standard,55,101.02,7,5,Sul,Sim,18-25,49+
Cliente 0340,24,Standard,45,106.62,1,5,Sul,Não,18-25,37-48
Cliente 0410,30,Básico,26,66.76,2,0,Nordeste,Não,26-35,25-36
Cliente 0112,61,Standard,51,104.83,1,0,Sul,Sim,56+,49+
Cliente 0225,21,Básico,52,66.23,0,1,Nordeste,Sim,18-25,49+
Cliente 0943,25,Básico,46,68.74,5,8,Sul,Não,18-25,37-48
Cliente 0545,30,Básico,49,76.15,0,1,Nordeste,Sim,26-35,49+
Cliente 0074,37,Básico,27,77.54,0,5,Sudeste,Não,36-45,25-36
Cliente 0048,26,Premium,9,171.18,0,4,Nordeste,Sim,26-35,0-12
Cliente 0639,66,Básico,48,64.33,0,1,Sudeste,Não,56+,37-48
Cliente 0114,58,Premium,51,165.41,5,12,Norte,Sim,56+,49+
Cliente 0097,43,Standard,3,120.53,3,1,Centro-Oeste,Sim,36-45,0-12
Cliente 0738,60,Básico,51,80.4,0,3,Sudeste,Não,56+,49+
Cliente 0215,32,Standard,22,116.39,0,1,Nordeste,Sim,26-35,13-24
Cliente 0570,50,Standard,56,117.66,0,6,Nordeste,Não,46-55,49+
Cliente 0124,46,Premium,40,157.91,2,3,Centro-Oeste,Não,46-55,37-48
Cliente 0107,46,Básico,11,79.19,2,4,Centro-Oeste,Sim,46-55,0-12
Cliente 0596,48,Standard,12,105.74,2,1,Centro-Oeste,Sim,46-55,0-12
Cliente 0018,39,Standard,41,104.07,1,1,Sudeste,Não,36-45,37-48
Cliente 0743,63,Standard,38,121.74,1,4,Centro-Oeste,Não,56+,37-48
Cliente 0099,62,Standard,15,121.12,5,0,Sudeste,Não,56+,13-24
Cliente 0989,20,Standard,57,112.63,2,5,Nordeste,Não,18-25,49+
Cliente 0323,58,Básico,15,68.97,0,0,Sul,Sim,56+,13-24
Cliente 0383,18,Básico,58,78.06,8,7,Sudeste,Não,18-25,49+
Cliente 0366,18,Standard,46,121.41,0,2,Sul,Sim,18-25,37-48
Cliente 0511,25,Standard,29,116.79,0,3,Centro-Oeste,Não,18-25,25-36
